First Name,Last Name,Date of Birth,SSN,State
John,Mathews,2/24/1991,***-**-9165,ND
Nathan,Moore,11/19/1978,***-**-7469,ME
Amanda,Douglas,1/8/1990,***-**-6961,ID
Heather,Andrews,8/11/1976,***-**-1797,VT
Daniel,Hernandez,7/22/1976,***-**-7473,CO
Danny,Pena,1/31/1978,***-**-9878,MN
Gary,Knight,3/8/1994,***-**-1242,AR
Robin,Carroll,10/14/1972,***-**-7194,CA
Michelle,Dickerson,2/8/1984,***-**-2817,TN
Kimberly,Gallegos,8/5/1972,***-**-7563,OR
Morgan,Parker,1/30/1986,***-**-4320,TN
Mason,Rhodes,1/28/1977,***-**-4767,MD
Amy,Griffin,2/18/1973,***-**-1946,MA
Danielle,House,4/16/1975,***-**-9308,ME
Charles,Greene,11/28/1992,***-**-2935,KY
Nicholas,Martinez,4/5/1979,***-**-1689,LA
Tracey,Meadows,1/12/1988,***-**-6175,RI
Renee,Evans,3/14/1991,***-**-2708,MT
Joseph,Estrada,3/29/1984,***-**-2571,PA
Jeremy,Warner,10/20/1987,***-**-1184,AL
Anthony,Rodriguez,2/9/1983,***-**-3865,ID
Kristen,Lopez,1/2/1978,***-**-8194,VA
Mark,Mcdonald,6/27/1984,***-**-0101,MT
Robert,Freeman,1/1/1984,***-**-5211,AR
Michael,Reynolds,10/30/1994,***-**-8507,CA
Kristine,Little,7/10/1974,***-**-1771,SD
April,Barnes,2/15/1983,***-**-3288,RI
Pamela,Hodges,2/19/1989,***-**-1423,UT
Ronald,Gilbert,5/26/1974,***-**-4448,WY
Thomas,Cooper,8/17/1972,***-**-9890,CO
Dakota,Harrington,8/24/1972,***-**-7188,VA
Jennifer,Porter,1/20/1991,***-**-5572,WI
Beverly,Jordan,8/15/1986,***-**-3762,NM
Mark,Brown,4/2/1975,***-**-8531,CA
Amy,Ford,6/5/1974,***-**-6461,NC
Benjamin,King,5/7/1973,***-**-8165,RI
Stephen,Bryant,5/15/1991,***-**-6488,SD
Brandi,Williams,10/15/1989,***-**-8500,MD
Ashley,Hutchinson,4/26/1994,***-**-1510,SC
Alisha,Pacheco,1/13/1982,***-**-2496,MI
Robert,Campbell,2/27/1973,***-**-9581,SD
Sandra,Sanders,10/6/1980,***-**-1673,RI
Katherine,Hensley,5/29/1991,***-**-7226,CT
Stacy,Cox,11/8/1976,***-**-0990,AL
Frank,Barton,6/10/1993,***-**-5568,MA
Shannon,Kramer,5/4/1980,***-**-7615,SC
Brenda,James,12/31/1977,***-**-3251,HI
Paula,Edwards,8/10/1988,***-**-0638,KS
Jennifer,Rowe,9/16/1980,***-**-9014,NY
David,Foster,1/9/1990,***-**-6956,MO
William,Boyle,1/30/1988,***-**-0490,AR
Christopher,Greene,5/29/1972,***-**-8446,ID
Matthew,Fuller,4/27/1980,***-**-2989,MS
Gabriela,Nguyen,12/17/1981,***-**-3729,WA
Allison,Diaz,3/25/1994,***-**-8927,AR
Isaac,Jordan,5/6/1986,***-**-0520,TX
Cheryl,Bailey,10/31/1991,***-**-1224,NC
Julie,Castillo,2/16/1988,***-**-4523,AK
Michael,Adams,12/10/1986,***-**-3927,FL
Melinda,Parsons,2/7/1986,***-**-8751,NE
Robert,Campbell,1/17/1987,***-**-3694,DE
Julie,Nelson,8/8/1994,***-**-1332,SD
Steven,Nelson,4/14/1989,***-**-2085,VT
Hailey,Lynn,3/25/1973,***-**-9488,CA
Dillon,Nguyen,5/26/1978,***-**-4552,IL
Hannah,Miller,10/18/1973,***-**-4657,NY
Jeffrey,Harris,5/25/1994,***-**-4763,KY
Daniel,Welch,8/8/1982,***-**-6950,IL
Bryan,Jackson,9/8/1982,***-**-8117,MD
Denise,George,9/7/1990,***-**-4879,WI
Alicia,Carney,9/10/1989,***-**-9437,OH
William,Peters,3/20/1986,***-**-7516,KY
Dustin,Drake,9/17/1993,***-**-5454,WV
Jessica,Thornton,1/3/1983,***-**-2381,KS
Rebecca,Wilson,6/8/1980,***-**-6629,MI
Katherine,Lane,11/1/1986,***-**-6820,NH
Sarah,Harper,7/27/1993,***-**-5891,AK
Jermaine,Hill,9/11/1988,***-**-5479,NJ
Michael,Marshall,4/5/1990,***-**-5125,MI
Kirsten,Mcbride,9/10/1973,***-**-2372,IA
Rachael,Holmes,7/30/1973,***-**-2067,GA
Leon,Foster,9/19/1975,***-**-3153,SC
David,Mcclain,8/2/1976,***-**-5430,OH
Emily,Lawrence,11/24/1991,***-**-1991,TN
Troy,Booth,12/27/1990,***-**-5141,TN
Stephanie,Ho,4/25/1983,***-**-3656,KS
Michele,Hendricks,3/10/1990,***-**-7341,MS
Eric,Harper,11/12/1986,***-**-2860,NV
Jonathan,Gomez,6/5/1993,***-**-4727,SD
Kevin,Garcia,11/25/1977,***-**-4722,NV
Howard,Lawson,4/13/1984,***-**-7664,MI
Stacy,Robertson,9/24/1974,***-**-0248,WY
John,Beck,7/27/1985,***-**-3635,AR
Julia,Morgan,3/18/1976,***-**-1731,WI
Allen,Leon,4/6/1975,***-**-9089,MI
James,Rios,3/4/1978,***-**-3987,ID
Ralph,Wells,10/19/1988,***-**-4237,KS
Megan,Chavez,10/8/1991,***-**-7659,CT
Ashley,Patrick,6/7/1974,***-**-0763,WY
Bonnie,Bowen,11/7/1993,***-**-5889,ID
Andrew,Lawson,4/5/1982,***-**-7313,MT
Tonya,Chavez,4/17/1984,***-**-5703,MT
Michelle,Larson,3/20/1980,***-**-3866,FL
Mark,Garrett,9/18/1985,***-**-4408,WY
Chelsea,Rivera,6/21/1987,***-**-0140,NH
Amanda,Krause,11/6/1977,***-**-4744,IL
Paige,Spencer,9/2/1991,***-**-8621,NY
Rhonda,Gonzales,6/7/1976,***-**-4110,ID
Jasmine,Kelly,6/30/1979,***-**-3251,MN
Amy,Sherman,8/4/1973,***-**-6029,NJ
David,Arroyo,4/16/1975,***-**-9403,FL
Robert,Lin,11/12/1975,***-**-0121,AZ
Paul,Wilson,6/19/1993,***-**-9871,IA
Paul,Meyers,3/13/1989,***-**-1680,HI
Jessica,Elliott,6/4/1978,***-**-1632,OH
Anthony,Richmond,10/5/1989,***-**-8935,AR
William,Rivera,3/8/1975,***-**-7032,SD
Sheri,Villegas,2/13/1985,***-**-8629,OR
Kelly,Hopkins,10/8/1984,***-**-6875,HI
Darren,Farrell,5/24/1991,***-**-5885,CA
Darlene,Harmon,5/5/1980,***-**-3052,WV
Rachel,Lyons,8/29/1972,***-**-0900,ME
David,Jacobs,2/28/1982,***-**-3682,FL
Christina,Weeks,10/15/1972,***-**-2028,PA
Andrea,Anderson,11/12/1984,***-**-5650,CT
Jennifer,Smith,1/31/1989,***-**-1748,GA
Shirley,Andrews,12/7/1981,***-**-5306,OH
Adrian,Rivera,2/13/1973,***-**-5638,MA
George,Mckinney,2/4/1984,***-**-7748,UT
Hailey,Boyd,11/17/1980,***-**-0270,NY
Tiffany,Harris,1/12/1983,***-**-9733,WV
Mary,Hunter,11/1/1977,***-**-6623,TX
Robert,Edwards,4/7/1980,***-**-5215,GA
Barbara,Lambert,9/7/1979,***-**-5353,ID
Angela,Armstrong,3/22/1990,***-**-2446,NY
Brett,Ward,9/27/1979,***-**-0204,MN
Troy,Sanchez,11/15/1990,***-**-2052,OK
Garrett,Carter,9/26/1988,***-**-7246,CA
James,Reeves,1/31/1988,***-**-1620,IN
Mary,Baker,7/8/1979,***-**-0954,MI
Alexandra,Bradley,6/13/1980,***-**-9390,AL
Aaron,James,3/25/1974,***-**-4596,OR
Thomas,Wood,8/21/1979,***-**-8269,TN
Charlene,Jackson,10/28/1989,***-**-8809,WY
Mary,Robbins,12/1/1975,***-**-9514,FL
Kayla,Washington,10/8/1985,***-**-6218,CT
Kimberly,Knapp,11/23/1992,***-**-1122,CO
Nicholas,Brown,9/18/1988,***-**-2869,SC
Rebecca,Marshall,5/6/1974,***-**-1020,PA
Mark,Smith,7/7/1979,***-**-5381,ND
Adam,Harrell,10/18/1981,***-**-0742,WV
Steve,Daniels,9/14/1980,***-**-3537,CO
Victoria,Potter,3/25/1988,***-**-4290,UT
Kathy,Preston,3/6/1990,***-**-9960,LA
Michael,Donaldson,1/1/1995,***-**-7624,CA
Brian,Bridges,2/22/1976,***-**-4546,MN
Martha,Gonzalez,1/17/1981,***-**-8342,KS
Paul,Rogers,1/10/1992,***-**-6284,MT
Dawn,Galvan,9/3/1989,***-**-8058,TN
Amber,West,1/19/1978,***-**-7363,ND
Christopher,Guerrero,1/29/1983,***-**-4036,WY
Stacy,Brooks,6/17/1991,***-**-4661,SC
Danielle,Kaiser,8/21/1975,***-**-9764,AL
Taylor,Boyle,9/26/1979,***-**-9756,MD
Donna,Howard,12/16/1978,***-**-3416,CA
Anne,Rios,11/26/1974,***-**-6513,HI
Theresa,Barnes,9/28/1976,***-**-2054,CT
Lori,Tate,3/8/1977,***-**-9123,NM
Alexandria,Baker,11/2/1974,***-**-3200,NV
Stephen,Hensley,9/30/1978,***-**-5372,GA
Jennifer,Fischer,11/19/1983,***-**-5609,UT
Pamela,Robinson,2/21/1981,***-**-4275,NM
Brendan,Gonzalez,8/2/1991,***-**-9993,SC
Richard,Turner,12/24/1982,***-**-9924,TN
Michael,Robinson,10/22/1973,***-**-2355,IL
Patricia,Sharp,7/13/1987,***-**-0306,MD
Elizabeth,Avila,3/15/1977,***-**-8453,NH
Christopher,Martinez,12/28/1978,***-**-8774,CT
Isaac,Woods,3/20/1984,***-**-6227,AK
Adriana,Wolf,10/17/1994,***-**-1702,OR
David,Pearson,6/14/1982,***-**-1781,AL
Matthew,Kramer,5/14/1988,***-**-4860,RI
Pamela,Archer,10/25/1987,***-**-2625,WV
Charles,Stout,12/5/1976,***-**-1997,KS
Daniel,Boyd,7/18/1978,***-**-1220,NY
Jimmy,Jones,2/19/1973,***-**-2030,MA
Rebecca,Hammond,2/21/1972,***-**-2706,LA
Emily,Diaz,12/4/1986,***-**-9174,AK
Chad,Wise,11/10/1988,***-**-1355,CO
Todd,Duran,1/14/1976,***-**-1832,KY
Brian,Mclaughlin,9/21/1987,***-**-2876,PA
Katherine,Rogers,5/13/1988,***-**-9500,ME
Joseph,Adams,1/18/1979,***-**-7778,WI
David,Lowery,10/21/1987,***-**-7963,UT
Janice,Young,7/7/1988,***-**-4863,WA
Anna,Matthews,2/9/1991,***-**-4474,TN
Katie,Garcia,3/22/1983,***-**-8462,AK
Maria,Estrada,4/30/1990,***-**-8108,LA
Ashley,Smith,7/16/1983,***-**-8720,TX
Amy,Wright,10/15/1991,***-**-8641,CA
Heather,Scott,8/20/1982,***-**-0361,NH
John,Anderson,5/30/1973,***-**-6681,NY
John,Anderson,1/7/1983,***-**-7935,UT
Kimberly,Harris,10/1/1988,***-**-5459,IA
Christopher,Smith,11/23/1976,***-**-2521,WI
Daniel,Singh,12/25/1980,***-**-7521,VA
Miranda,Nguyen,8/12/1981,***-**-2585,ME
Gregory,Simpson,7/9/1990,***-**-9365,CO
Daniel,Brown,4/19/1984,***-**-6526,NM
Susan,Thompson,5/17/1985,***-**-6074,TN
Rick,Johns,7/30/1984,***-**-7121,NV
Sean,Calhoun,7/31/1978,***-**-2261,SD
Alan,Holden,11/6/1994,***-**-6916,PA
Robin,Silva,7/14/1987,***-**-0453,AK
Nicole,Conrad,6/2/1985,***-**-6985,SD
Deanna,Russell,7/29/1972,***-**-9236,MD
Joshua,Bailey,7/20/1986,***-**-4031,WV
Daniel,Patrick,10/15/1972,***-**-8777,GA
William,Smith,6/4/1990,***-**-0654,AR
Kristin,Grant,8/23/1980,***-**-9693,WV
Kimberly,Velasquez,1/10/1989,***-**-4229,GA
Michael,Dalton,3/8/1994,***-**-2101,WI
Jason,Shaw,11/1/1985,***-**-4765,KY
Jonathon,Olson,7/8/1985,***-**-7767,SC
Andrea,Perry,2/1/1986,***-**-8897,CO
Anthony,Nguyen,10/9/1986,***-**-8472,WI
Anthony,Christensen,5/13/1983,***-**-8703,OH
Paul,Murphy,7/18/1975,***-**-9454,NJ
Susan,Stewart,4/23/1989,***-**-2712,GA
Scott,Warren,6/24/1985,***-**-3723,OH
Jennifer,Avery,8/8/1987,***-**-5062,LA
Alexander,Vaughan,8/22/1988,***-**-8562,MI
Laura,Parker,12/5/1973,***-**-6879,CO
Derek,Harrington,9/15/1990,***-**-2836,AR
Daniel,Wells,8/27/1994,***-**-7268,CA
Kelly,Phillips,11/5/1987,***-**-1324,MI
Lauren,Bennett,6/5/1985,***-**-4874,IA
Aaron,Wolf,4/9/1978,***-**-1149,WY
Julia,Wright,9/4/1980,***-**-6702,CO
Cheryl,Dennis,6/16/1986,***-**-0712,TX
Donna,Lopez,2/22/1985,***-**-5711,DE
Matthew,Gibbs,6/12/1984,***-**-9698,ID
Nancy,Mitchell,2/2/1988,***-**-9365,GA
Ashley,Bullock,7/23/1983,***-**-5394,MS
Andrew,Moore,1/3/1982,***-**-5178,ID
Joseph,Martinez,10/5/1973,***-**-9409,NH
Yvette,Rodriguez,9/11/1985,***-**-8123,OR
Carrie,Barber,11/9/1977,***-**-3083,LA
Ashley,Sherman,10/1/1984,***-**-1501,NE
Craig,Garcia,8/18/1994,***-**-3695,PA
Jerome,Brown,7/10/1992,***-**-9456,MD
Kevin,Beck,3/29/1981,***-**-7304,TN
Travis,Hansen,7/28/1981,***-**-6746,DE
Rodney,Cook,12/15/1994,***-**-6232,RI
Theresa,Brown,2/20/1993,***-**-3478,MN
Wayne,Mercer,9/21/1989,***-**-7254,MA
Mary,Lee,4/12/1982,***-**-7361,OH
Matthew,Martin,7/12/1993,***-**-7803,ID
Lee,Weber,12/3/1988,***-**-9830,CA
James,Wilson,7/23/1977,***-**-7343,OR
Angela,Clark,4/20/1988,***-**-3392,MN
Allen,Flynn,7/25/1994,***-**-7573,NH
Darrell,Coleman,8/24/1992,***-**-4198,WI
Patrick,Wells,8/3/1979,***-**-3209,MS
Tyler,Beck,10/20/1986,***-**-1385,HI
Michelle,Jenkins,11/29/1977,***-**-8254,NE
Scott,Miller,9/27/1991,***-**-3580,WY
Maria,Mcmillan,9/7/1973,***-**-3730,TX
Amy,Waller,10/1/1980,***-**-8763,MA
Jacob,Thomas,3/31/1976,***-**-8896,MS
Amanda,Jones,7/31/1993,***-**-0691,MN
Edward,Padilla,10/9/1993,***-**-5222,PA
Debra,Best,2/20/1973,***-**-3320,ND
Gregory,Roberts,1/27/1986,***-**-4496,IN
Suzanne,Wheeler,5/19/1985,***-**-2982,WI
Ann,Lewis,1/14/1976,***-**-0619,MT
Michelle,Peterson,6/25/1984,***-**-2154,MA
Adam,Thomas,12/30/1982,***-**-1297,VA
Donna,Owens,9/26/1987,***-**-6696,AL
Pamela,Lyons,9/27/1972,***-**-3318,AR
Victor,Lopez,10/26/1987,***-**-3964,NV
Matthew,Miller,4/7/1979,***-**-3517,CO
Kevin,Foster,10/18/1985,***-**-5090,WI
Alyssa,Stokes,4/1/1973,***-**-2432,OH
Mark,Saunders,8/23/1973,***-**-2640,VT
Michael,Chapman,3/13/1977,***-**-6874,OR
Cole,Farrell,1/29/1993,***-**-7973,IN
Michael,Estrada,10/12/1994,***-**-2448,OH
Shaun,Martinez,12/11/1982,***-**-5793,NC
Victoria,Moon,1/6/1976,***-**-8604,AZ
Brian,Peters,5/7/1982,***-**-3701,HI
Jose,Gonzalez,6/1/1992,***-**-9797,MD
John,Paul,11/20/1973,***-**-7180,KY
Stephanie,Smith,4/26/1978,***-**-1286,NH
Lisa,Wilson,11/9/1993,***-**-6950,AZ
Cody,Duran,1/15/1973,***-**-6706,NM
Ann,Johnson,6/1/1981,***-**-9046,NE
Paula,Hernandez,10/12/1975,***-**-2951,CA
Patrick,Barber,7/21/1991,***-**-9891,NY
Dennis,Alvarado,11/27/1973,***-**-4378,MT
David,Peterson,6/27/1973,***-**-7312,LA
Tina,Williams,11/4/1987,***-**-7775,OR
Bridget,Koch,2/23/1973,***-**-9714,WY
Adrian,Hernandez,9/8/1993,***-**-5101,NE
Andrea,Potter,12/26/1983,***-**-6384,NH
David,Williams,7/7/1990,***-**-6350,MA
Katherine,Wright,5/10/1987,***-**-3109,AR
Kevin,Taylor,4/19/1979,***-**-2293,NH
Latoya,Mitchell,3/15/1991,***-**-3607,ME
Tricia,Smith,1/24/1992,***-**-7866,CA
David,Miles,11/26/1993,***-**-2657,MI
Gina,Hoffman,3/20/1990,***-**-4213,UT
Tamara,Whitney,9/21/1975,***-**-9208,MO
John,Garcia,4/14/1987,***-**-3993,TX
Craig,Nunez,6/13/1972,***-**-6566,DE
Desiree,Ross,7/7/1981,***-**-2608,MS
Samantha,Ramirez,8/11/1981,***-**-7086,MD
David,Patton,11/19/1978,***-**-9705,PA
Caroline,Lopez,8/9/1981,***-**-1325,OK
Karen,Malone,9/3/1985,***-**-5442,CO
Daniel,Wright,12/31/1989,***-**-3803,FL
Brent,Miller,1/14/1978,***-**-9692,HI
Mitchell,Meyer,8/31/1991,***-**-7666,RI
Annette,Flores,4/19/1977,***-**-3196,NE
Wendy,Hendrix,8/19/1983,***-**-6634,WY
Alexis,Cross,8/11/1983,***-**-3694,MN
Jeffrey,Jones,6/27/1981,***-**-1822,SD
Jessica,Walsh,6/1/1976,***-**-2907,RI
Sherry,Henderson,2/15/1991,***-**-3768,FL
Jennifer,Johnson,2/17/1978,***-**-3102,OK
Scott,Ellison,3/31/1977,***-**-8653,NH
Denise,Baldwin,4/6/1992,***-**-7350,AL
Rebecca,James,12/4/1980,***-**-1514,MA
Sean,Gonzales,8/11/1981,***-**-8838,MO
Mary,Chavez,4/27/1990,***-**-2834,PA
Ralph,Martinez,2/26/1980,***-**-4024,WA
Thomas,Stone,3/29/1973,***-**-8227,DE
Christopher,Anderson,7/1/1974,***-**-1835,NC
Allison,Garcia,2/8/1983,***-**-0105,LA
Charles,Hall,9/15/1982,***-**-7617,PA
Lawrence,Roach,4/3/1991,***-**-2080,KY
Christopher,Dougherty,3/29/1978,***-**-0986,AL
William,Small,8/5/1990,***-**-0642,CO
Samuel,May,3/30/1988,***-**-0970,NJ
Brian,Lopez,2/13/1990,***-**-7558,DE
Amanda,Clark,7/23/1991,***-**-5043,MN
Cody,Taylor,11/13/1978,***-**-3700,SD
Sherry,Love,3/24/1975,***-**-8685,OR
Christine,Stone,11/7/1978,***-**-6503,KS
Kristy,Diaz,3/26/1988,***-**-1032,IA
Amy,Long,7/19/1982,***-**-7292,FL
Haley,Myers,3/20/1985,***-**-0757,MD
Michael,Holden,7/23/1975,***-**-7951,IN
Kelly,Ferrell,1/21/1982,***-**-2299,NH
Rachel,Valdez,5/21/1985,***-**-0852,UT
Kristine,Roberson,3/18/1981,***-**-0956,MN
Vincent,Watson,12/15/1974,***-**-8997,RI
Elizabeth,Bailey,7/15/1979,***-**-7230,MI
Mark,Mcmillan,7/8/1976,***-**-2503,MI
Sheri,Long,6/6/1978,***-**-5166,OH
Daniel,Mccall,7/12/1987,***-**-5314,NE
Dawn,Malone,4/19/1979,***-**-2070,TN
Evan,Romero,8/25/1994,***-**-3334,NM
Paul,Adams,4/19/1992,***-**-5765,WV
Tracy,Holt,10/20/1988,***-**-1413,AK
Charles,Wheeler,2/11/1972,***-**-5781,CA
Ashley,Harris,8/9/1993,***-**-7070,IL
Roberto,Schmidt,2/7/1994,***-**-1763,AL
Margaret,Barton,10/10/1975,***-**-0973,ID
Michelle,Diaz,9/25/1993,***-**-4889,ID
Mike,Duncan,12/15/1988,***-**-8115,MD
Alexandra,Thomas,1/12/1994,***-**-6760,SD
Mark,Murillo,9/22/1976,***-**-9915,MI
Carol,Dyer,3/12/1989,***-**-5545,HI
Daniel,Williams,11/17/1989,***-**-9146,NH
Sandra,Suarez,9/20/1980,***-**-9548,GA
Sarah,Hamilton,7/20/1976,***-**-3104,ND
Sydney,Floyd,3/31/1981,***-**-0722,CT
Jonathan,Hall,7/1/1978,***-**-6672,NE
Jennifer,Kim,10/3/1976,***-**-9504,MN
Kenneth,Sanchez,10/30/1980,***-**-8921,CA
Joseph,Carroll,5/9/1975,***-**-5984,ND
Jennifer,Arnold,10/18/1976,***-**-4368,AL
David,Le,8/31/1976,***-**-5444,MI
Jeffrey,Clark,6/28/1978,***-**-0316,MO
Jeffery,Reed,7/19/1985,***-**-6338,NJ
Laura,Kim,7/26/1974,***-**-3606,PA
Derek,Obrien,6/29/1990,***-**-6123,NH
Brooke,Bishop,12/18/1980,***-**-4107,CA
Peter,Miles,10/26/1976,***-**-3367,WA
Alex,Owen,10/7/1987,***-**-9252,AL
Michael,Fowler,8/28/1990,***-**-3995,TN
Katherine,Rose,1/19/1976,***-**-0446,MN
Daniel,Waller,4/23/1974,***-**-0011,KY
Ronald,Johnson,9/19/1973,***-**-8871,DE
Austin,Gutierrez,6/25/1979,***-**-0203,VT
Brandon,Chang,5/14/1984,***-**-6687,AL
Alexander,Murphy,5/5/1984,***-**-0664,UT
Stephanie,Mendoza,3/22/1977,***-**-8308,VT
Gregory,Moore,2/10/1982,***-**-6226,MA
Jonathan,Mendoza,12/30/1989,***-**-0262,MD
Michelle,Phillips,9/17/1988,***-**-2345,OK
Justin,Morgan,3/17/1976,***-**-5133,MI
Michael,Hubbard,9/9/1978,***-**-8972,CT
Travis,Little,5/14/1992,***-**-6995,WY
Susan,Kennedy,12/19/1988,***-**-4558,ME
Emily,Mcgrath,11/10/1973,***-**-7640,CO
Sandra,Griffin,11/13/1988,***-**-6533,NV
Jessica,Sullivan,1/7/1990,***-**-2665,WY
Timothy,Mendoza,6/9/1980,***-**-2367,NM
Amanda,Pearson,8/15/1979,***-**-9832,TN
Jeffery,Burnett,7/28/1984,***-**-4493,KS
Brian,Williams,1/12/1986,***-**-5701,MT
Randy,Dorsey,5/9/1974,***-**-0360,MO
Duane,Williams,10/14/1973,***-**-8818,NV
Colleen,Beasley,8/12/1977,***-**-3286,MA
Brian,Jackson,12/21/1985,***-**-9597,PA
Cynthia,Price,10/15/1991,***-**-6184,SD
Donald,Carter,7/16/1983,***-**-5922,HI
Lisa,Schmitt,4/23/1976,***-**-5980,TN
Dustin,Nichols,6/7/1977,***-**-9015,NE
Jay,Brown,4/24/1980,***-**-8736,TX
Beth,Lynch,2/13/1984,***-**-0814,AK
Mary,Mitchell,1/20/1982,***-**-3602,TX
Joshua,Rush,8/5/1986,***-**-2710,GA
Jillian,David,4/11/1973,***-**-4462,HI
Anthony,Delgado,9/19/1994,***-**-7837,FL
Meghan,Wilson,5/18/1988,***-**-4722,HI
Andrea,Montgomery,12/3/1991,***-**-6315,OH
Megan,Gray,10/12/1972,***-**-4006,NY
Sarah,Brooks,6/27/1991,***-**-6948,AR
Kaylee,Clark,5/29/1992,***-**-0753,WI
Joseph,Martin,4/13/1992,***-**-5396,AR
Donna,Rose,4/20/1989,***-**-1960,TN
Brandi,Sawyer,7/13/1979,***-**-9334,RI
James,Torres,1/19/1986,***-**-5026,DE
Jonathan,Malone,4/14/1984,***-**-9942,MN
Christine,Williams,8/15/1974,***-**-1974,MN
Christopher,Young,12/2/1988,***-**-1343,NE
David,Turner,2/13/1973,***-**-7108,IL
Gregory,Estes,10/4/1989,***-**-9235,KS
Shannon,Vaughn,12/27/1992,***-**-2444,AR
James,Mclaughlin,1/21/1981,***-**-1088,NC
Michael,Brown,1/13/1986,***-**-9682,OH
Jennifer,Crawford,7/21/1986,***-**-5861,FL
Michelle,Carr,6/22/1978,***-**-2759,CT
Andrew,Love,5/27/1991,***-**-9696,OH
Anna,Bennett,6/20/1977,***-**-6909,TN
William,Watts,10/12/1989,***-**-6883,MN
Cynthia,Williams,12/23/1978,***-**-5994,NY
Bruce,Miles,1/21/1982,***-**-0969,IA
Amanda,Wilson,5/23/1972,***-**-0767,NE
Joshua,Riley,11/8/1983,***-**-4874,IN
Carla,Torres,2/23/1987,***-**-7599,CT
Mark,Green,6/14/1977,***-**-6893,AZ
Stephanie,Goodwin,2/25/1986,***-**-5702,NC
Cameron,Allen,1/2/1986,***-**-8341,ID
Harold,Li,5/11/1983,***-**-2966,GA
Sara,Curry,6/5/1984,***-**-1678,ID
Caroline,Wyatt,11/12/1979,***-**-7063,NY
Nicole,Perez,9/28/1982,***-**-1455,MT
Jacqueline,Garcia,1/31/1991,***-**-8953,NC
Alexander,Wright,4/18/1979,***-**-7263,MN
Heather,Farrell,1/11/1978,***-**-0338,MA
Joseph,Fernandez,6/1/1978,***-**-4971,IL
Timothy,Chandler,3/26/1978,***-**-3897,NM
Gregory,Jackson,6/6/1973,***-**-0058,WY
Thomas,Patterson,5/6/1977,***-**-4561,VA
Timothy,Suarez,1/12/1977,***-**-3073,WI
Jennifer,Jensen,3/9/1991,***-**-4293,GA
Andrew,Hogan,6/8/1990,***-**-5943,ND
Dale,Hartman,10/1/1993,***-**-9502,ME
Jennifer,Williams,2/27/1977,***-**-9054,OK
Antonio,Perez,2/9/1980,***-**-4115,NC
Joshua,Hicks,1/7/1985,***-**-4786,KS
Edward,Thompson,8/31/1994,***-**-8605,OH
Lee,Zamora,3/17/1979,***-**-3321,UT
Wyatt,Rivers,2/7/1984,***-**-5135,KY
Michelle,Reeves,11/23/1972,***-**-1066,PA
Joanna,Hopkins,4/17/1973,***-**-2714,MA
Joseph,Mitchell,5/18/1980,***-**-7441,VA
Ariel,Ray,9/11/1972,***-**-2732,OR
Shawn,Murray,10/30/1990,***-**-5217,MS
Jose,Spears,3/1/1976,***-**-2675,NH
Caroline,Mayer,5/3/1973,***-**-2487,WY
David,Weaver,8/11/1976,***-**-2750,ME
Kelly,Sullivan,4/12/1988,***-**-7284,NV
Kyle,Ramirez,5/30/1984,***-**-2839,WA
Carrie,Davis,6/20/1984,***-**-6558,WA
Catherine,Martinez,4/28/1990,***-**-6917,NM
Amanda,Lewis,12/5/1988,***-**-0504,MT
Katherine,Bailey,3/4/1994,***-**-3545,WV
Rodney,Smith,5/8/1975,***-**-3105,NH
Savannah,Saunders,5/12/1984,***-**-2473,IA
Claudia,Oneal,4/1/1987,***-**-9008,TX
Roy,Johnson,3/30/1984,***-**-6344,AK
Michelle,Smith,7/8/1982,***-**-6834,NV
Amanda,Haney,4/11/1983,***-**-9019,IA
Theresa,Fletcher,10/22/1992,***-**-0535,VA
Debra,Green,7/20/1988,***-**-5376,SC
John,Cox,12/11/1985,***-**-7739,OH
Beth,Harris,12/22/1982,***-**-5871,RI
Erica,Mcconnell,7/1/1981,***-**-0878,MA
Kimberly,Johnson,1/22/1992,***-**-4304,PA
Kyle,Aguirre,10/24/1973,***-**-4469,NE
Nicole,English,4/30/1977,***-**-9164,HI
Bonnie,Turner,4/1/1973,***-**-0208,MD
Maurice,Gillespie,9/7/1984,***-**-8509,GA
Corey,Adams,10/8/1988,***-**-2578,OR
Brett,Nelson,6/20/1986,***-**-3049,MD
Melody,Nelson,1/23/1979,***-**-1931,VA
James,Young,4/12/1980,***-**-8557,ME
Robert,Smith,4/14/1994,***-**-0748,MS
Caroline,Larson,5/5/1990,***-**-7178,LA
Megan,Robinson,3/24/1973,***-**-1601,WV
Shawn,Edwards,1/19/1978,***-**-4865,LA
David,Evans,9/15/1977,***-**-6773,WA
Julie,Price,1/20/1993,***-**-3599,PA
Briana,Webster,2/8/1978,***-**-3704,PA
Robin,Oconnor,2/27/1978,***-**-0782,NH
Albert,Davidson,1/20/1975,***-**-9182,CA
Mark,Chen,4/2/1989,***-**-3553,WY
Elizabeth,Lynn,2/25/1992,***-**-8647,MA
Tracy,Gonzalez,11/1/1983,***-**-4059,WY
Patricia,Fletcher,6/30/1979,***-**-2311,RI
Tammy,Salinas,12/29/1980,***-**-3850,NC
Roger,Wright,3/4/1974,***-**-3080,MO
Kelly,Castillo,4/13/1992,***-**-7622,WA
Charles,Kelley,4/14/1993,***-**-1133,OK
David,Johnson,6/23/1985,***-**-9729,DE
David,Cervantes,1/8/1983,***-**-0082,WA
Valerie,Lopez,4/10/1983,***-**-0441,AL
Sarah,Hayes,11/20/1984,***-**-8195,CT
Christina,Arnold,10/20/1979,***-**-2313,NY
Cynthia,Bennett,11/26/1973,***-**-7899,MD
Michelle,Huang,4/9/1983,***-**-8363,UT
Amanda,Dodson,3/4/1973,***-**-6056,KS
Jeff,Hawkins,8/10/1992,***-**-5606,IL
Patrick,Taylor,7/29/1991,***-**-5595,MO
Elizabeth,Howard,11/5/1984,***-**-2641,AZ
Noah,White,4/30/1977,***-**-0897,SC
Caroline,Jackson,12/29/1983,***-**-4102,DE
Andrea,Wright,6/15/1978,***-**-8386,OH
Sara,Smith,1/2/1983,***-**-9188,TN
Jennifer,Rodriguez,4/23/1974,***-**-2538,NM
Deanna,Terrell,2/5/1990,***-**-5743,OK
Kristina,Summers,2/17/1989,***-**-3058,OR
Laura,Mercado,4/5/1974,***-**-9514,MI
Matthew,Kane,11/17/1990,***-**-9385,PA
Tamara,White,5/20/1980,***-**-6614,FL
Samantha,Thompson,6/4/1976,***-**-9230,NY
John,Mcmillan,3/2/1983,***-**-7301,NV
Andrea,Webb,12/11/1985,***-**-7815,VA
Lori,Odonnell,10/22/1989,***-**-2415,KS
Ronald,Huerta,12/13/1973,***-**-6058,OK
Chelsea,Foster,3/26/1974,***-**-4094,AK
Daniel,Lopez,9/7/1989,***-**-2639,AR
Jonathan,Jones,1/13/1977,***-**-7798,MN
Jessica,Gaines,4/23/1981,***-**-9332,CO
Timothy,Morris,6/16/1981,***-**-2962,WY
Donna,Campbell,7/14/1993,***-**-2369,NV
Tonya,Martinez,9/4/1972,***-**-7702,IA
Pamela,Moore,2/20/1980,***-**-9532,NJ
Michelle,Ali,5/5/1993,***-**-3823,KS
Alexander,Gibson,10/27/1983,***-**-1036,CO
Jay,Smith,3/6/1985,***-**-6315,CT
Teresa,Watkins,7/27/1972,***-**-5707,NY
Bradley,Guzman,5/8/1980,***-**-2817,WY
Rhonda,Young,6/3/1979,***-**-2336,NE
Brandon,Davis,7/22/1977,***-**-1621,AZ
Brandon,Farmer,8/10/1980,***-**-2601,TX
Barbara,Murphy,10/30/1989,***-**-9225,AR
James,King,4/21/1978,***-**-1432,AK
Drew,Kelly,3/25/1993,***-**-3264,WA
Virginia,Wise,2/18/1982,***-**-8887,OR
Mary,Hernandez,1/29/1990,***-**-5268,NY
Ryan,Russell,1/6/1975,***-**-3828,HI
Amanda,Smith,8/5/1989,***-**-3579,DE
Morgan,Dunn,7/13/1980,***-**-1601,AZ
Kimberly,Shaw,6/11/1973,***-**-7577,MA
Kathleen,Klein,1/15/1990,***-**-3388,NM
Diana,Meyers,9/13/1972,***-**-4296,TN
Logan,Smith,3/26/1990,***-**-0194,MN
Tracy,Martin,5/3/1975,***-**-0726,AK
Edwin,Martin,2/13/1988,***-**-9168,MO
Kelly,Moran,7/14/1976,***-**-0670,NV
Robert,Smith,1/12/1987,***-**-2300,ID
Jane,Martinez,1/30/1991,***-**-3977,AZ
Denise,Castillo,10/10/1983,***-**-0042,LA
Jonathon,Brock,4/30/1980,***-**-9917,CO
Amanda,Franco,9/24/1994,***-**-5413,AK
Heather,Robinson,11/20/1985,***-**-1929,MN
Kathryn,Stout,8/24/1987,***-**-9637,IA
Cory,Hopkins,3/13/1977,***-**-9491,AK
Ryan,Snyder,7/14/1982,***-**-9330,MA
Sara,Walker,8/16/1985,***-**-5423,NE
Daniel,Garcia,4/21/1979,***-**-3001,WI
Paul,Evans,6/25/1977,***-**-4302,MN
Elizabeth,Olson,1/22/1976,***-**-7163,MA
Ann,Romero,10/27/1989,***-**-4046,DE
Thomas,Jensen,2/23/1991,***-**-3430,OH
Brian,Davila,7/5/1982,***-**-3711,DE
Donna,Howard,3/31/1990,***-**-7432,MS
Kimberly,Massey,1/1/1981,***-**-4649,MO
Jeremy,Cross,11/22/1987,***-**-4632,HI
Dennis,Thomas,6/11/1989,***-**-5032,IN
Kenneth,Martin,8/24/1989,***-**-4681,MI
Tyler,Brewer,6/28/1972,***-**-9006,HI
Scott,Brooks,2/24/1972,***-**-4958,NY
Derrick,Fritz,12/5/1982,***-**-0071,IA
Christine,Munoz,11/17/1974,***-**-0149,MO
Julie,Robbins,11/23/1976,***-**-4571,IN
Rachel,Cook,3/3/1982,***-**-9042,NM
Kyle,Hoffman,12/25/1984,***-**-7692,MT
Nancy,Nguyen,7/5/1976,***-**-3939,VA
John,Wells,5/25/1993,***-**-3026,NH
Robert,Ellison,7/16/1979,***-**-9579,NE
Keith,Robinson,4/15/1978,***-**-3579,NC
Dennis,Osborn,11/15/1973,***-**-3531,MA
Ronald,Hays,12/21/1993,***-**-6430,TX
Leslie,Brown,6/15/1973,***-**-1806,NJ
Maria,Chapman,12/20/1973,***-**-7300,OK
Melissa,Torres,3/22/1981,***-**-6921,NM
Joshua,Weaver,11/20/1982,***-**-7030,IA
Crystal,Martin,8/29/1993,***-**-0679,ME
Sheri,Ball,8/4/1991,***-**-7548,AZ
Steven,Ritter,2/11/1986,***-**-8004,OH
Linda,Krause,12/22/1978,***-**-4382,SD
John,Myers,7/25/1989,***-**-1869,NJ
Mark,White,9/9/1992,***-**-7830,ID
Diana,Smith,12/2/1973,***-**-3506,IL
Karen,Lyons,6/9/1990,***-**-9081,OK
Laura,Glenn,10/20/1992,***-**-1468,TX
Diana,Spence,9/20/1983,***-**-4751,MA
Samantha,Farley,7/10/1977,***-**-2351,WA
Kayla,Mitchell,10/13/1975,***-**-9155,WI
Crystal,Myers,12/31/1980,***-**-6532,OH
Brooke,Jones,4/9/1979,***-**-2606,TN
John,Mueller,3/22/1987,***-**-7849,MD
Karla,Rosales,7/10/1983,***-**-1729,IL
Jennifer,Brown,8/23/1977,***-**-0700,MA
Blake,Jimenez,9/10/1977,***-**-3810,KS
Michael,Garcia,11/5/1980,***-**-4294,IL
Jermaine,Quinn,12/24/1989,***-**-1754,CA
Patricia,Cruz,4/22/1976,***-**-3822,IN
Cameron,Mcintosh,2/1/1975,***-**-8921,NV
Michelle,Brewer,6/10/1988,***-**-6836,OK
Hannah,Nolan,9/15/1978,***-**-1332,OK
Erica,Johnson,5/27/1978,***-**-9413,LA
Jeremy,Obrien,1/13/1982,***-**-7592,OR
